<?xml version='1.0' encoding='UTF-8'?>  
<!DOCTYPE hibernate-mapping PUBLIC  
 "-//Hibernate/Hibernate Mapping DTD 5.3//EN"  
 "http://hibernate.sourceforge.net/hibernate-mapping-5.3.dtd">  
  
 <hibernate-mapping>  
  <class name="bdstudia.Bank" table="Banki">  
    <id name="id">  
     <generator class="assigned"></generator>  
    </id>  
            
    <property name="Nazwa"></property>  
    <property name="Adres"></property>  
    <property name="Miasto"></property>  
    <property name="KodPocztowy"></property>  
    <property name="Kraj"></property>  
            
  </class>  
            
 </hibernate-mapping>  
